route_id,header_text,cause,effect,observations_during_alert,avg_delay_during_alert_seconds,baseline_avg_delay_seconds,delay_lift_seconds
IWL_1c,Buses replace trains between Leppington and Fairfield,MAINTENANCE,MODIFIED_SERVICE,2,699.5,33.4,666.1
IWL_2c,Buses replace trains between Leppington and Fairfield,MAINTENANCE,MODIFIED_SERVICE,8,164.3,44.4,119.9
NTH_2a,"Trains run between Berowra or Hornsby and Central, platforms 1-14",MAINTENANCE,MODIFIED_SERVICE,13,89.2,15.3,73.8
NSN_2a,T1 North Shore Line: Buses replace trains between Hornsby and Milsons Point. Use metro services between Chatswood and the City,MAINTENANCE,MODIFIED_SERVICE,7,122.9,55.9,66.9
NSN_1a,T1 North Shore Line: Buses replace trains between Hornsby and Milsons Point. Use metro services between Chatswood and the City,MAINTENANCE,MODIFIED_SERVICE,6,99.7,35.0,64.6
WST_1b,T1 Western Line: Trains run to a changed timetable and make extra stops,MAINTENANCE,MODIFIED_SERVICE,7,92.9,45.6,47.3
CMB_1a,Buses replace trains between Leppington and Fairfield,MAINTENANCE,MODIFIED_SERVICE,51,37.5,21.6,16.0
WST_2c,T1 Western Line: Trains run to a changed timetable and stopping pattern,MAINTENANCE,MODIFIED_SERVICE,20,20.8,18.5,2.3
NTH_1a,"Trains run between Berowra or Hornsby and Central, platforms 1-14",MAINTENANCE,MODIFIED_SERVICE,20,1.6,10.3,-8.7
WST_1a,T1 Western Line: Trains run to a changed timetable and make extra stops,MAINTENANCE,MODIFIED_SERVICE,55,33.4,43.9,-10.5
CMB_2a,Buses replace trains between Leppington and Fairfield,MAINTENANCE,MODIFIED_SERVICE,43,3.7,16.1,-12.4
IWL_2i,Buses replace trains between Leppington and Fairfield,MAINTENANCE,MODIFIED_SERVICE,15,0.0,13.6,-13.6
WST_2c,T1 Western Line: Trains run to a changed timetable and make extra stops,MAINTENANCE,MODIFIED_SERVICE,124,3.1,18.5,-15.3
IWL_1a,Buses replace trains between Leppington and Fairfield,MAINTENANCE,MODIFIED_SERVICE,163,3.1,22.7,-19.6
IWL_2b,Buses replace trains between Leppington and Fairfield,MAINTENANCE,MODIFIED_SERVICE,4,0.0,20.2,-20.2
IWL_1i,Buses replace trains between Leppington and Fairfield,MAINTENANCE,MODIFIED_SERVICE,38,4.4,27.1,-22.7
T3_2a,Buses replace trains between Liverpool and Lidcombe,MAINTENANCE,MODIFIED_SERVICE,7,0.0,24.8,-24.8
WST_1a,T1 Western Line: Trains run to a changed timetable and stopping pattern,MAINTENANCE,MODIFIED_SERVICE,42,5.7,43.9,-38.2
IWL_2a,Buses replace trains between Leppington and Fairfield,MAINTENANCE,MODIFIED_SERVICE,32,0.0,68.1,-68.1
APS_1a,Trains may run to a changed timetable,MAINTENANCE,MODIFIED_SERVICE,31,0.0,78.8,-78.8
T3_1a,Buses replace trains between Liverpool and Lidcombe,MAINTENANCE,MODIFIED_SERVICE,1,0.0,115.2,-115.2
CMB_1b,Buses replace trains between Leppington and Fairfield,MAINTENANCE,MODIFIED_SERVICE,20,51.9,327.4,-275.5
