route_short_name,mode,total_delay_seconds,total_delay_minutes,trip_stop_count,pct_of_network_delay,cumulative_pct_of_network_delay
T8,train,404177.0,6736.3,6656,17.1,17.1
T2,train,313096.0,5218.3,7539,13.3,30.4
T1,train,254568.0,4242.8,9448,10.8,41.2
SCO,train,243531.0,4058.9,2518,10.3,51.5
T4,train,236246.0,3937.4,6600,10.0,61.5
CCN,train,191719.0,3195.3,3937,8.1,69.6
T5,train,173191.0,2886.5,1844,7.3,76.9
T3,train,98270.0,1637.8,1425,4.2,81.1
BMT,train,89043.0,1484.1,1864,3.8,84.9
,train,75081.0,1251.4,406,3.2,88.0
SHL,train,67961.0,1132.7,720,2.9,90.9
STH,train,60127.0,1002.1,164,2.5,93.5
T9,train,58015.0,966.9,4355,2.5,95.9
T6,train,56794.0,946.6,486,2.4,98.3
NRC,train,30129.0,502.2,183,1.3,99.6
NRW,train,7537.0,125.6,60,0.3,99.9
T7,train,1539.0,25.7,196,0.1,100.0
WST,train,513.0,8.6,44,0.0,100.0
