date_key,route_id,route_short_name,mode,trip_stop_count,late_count,cancelled_count,pct_on_time,avg_arrival_delay_seconds
20260916,WST_1a,T1,train,55,0,0,100.0,33.4
20260916,WST_2c,T1,train,124,0,0,100.0,3.1
20260916,WST_1b,T1,train,7,0,0,100.0,92.9
20260916,CMB_1b,T5,train,20,1,0,95.0,51.9
20260916,CCN_2a,CCN,train,63,0,0,100.0,0.0
20260917,NTH_1a,T9,train,1375,0,0,100.0,12.2
20260917,CMB_1a,T5,train,498,4,0,99.2,22.0
20260917,CCN_1b,CCN,train,307,5,0,98.0,67.3
20260917,BMT_2,BMT,train,533,16,0,97.0,26.0
20260917,APS_2e,T8,train,2,0,0,100.0,0.0
20260918,ESI_1a,T4,train,232,6,0,97.4,12.1
20260918,IWL_2b,T2,train,11,0,0,100.0,15.1
20260918,OLY_1b,T7,train,6,0,0,100.0,19.8
20260918,CTY_NW1d,NRW,train,18,0,0,83.3,18.8
20260918,BMT_2,BMT,train,100,6,0,94.0,28.9
20260919,CCN_1c,CCN,train,66,0,0,100.0,64.6
20260919,CCN_2a,CCN,train,1,0,0,100.0,0.0
20260916,IWL_1a,T2,train,163,0,0,100.0,3.1
20260916,CMB_2a,T5,train,43,0,0,100.0,3.7
20260916,IWL_2c,T2,train,8,0,0,100.0,164.3
20260916,CCN_1a,CCN,train,1,0,0,100.0,0.0
20260916,OLY_1b,T7,train,1,0,0,100.0,20.0
20260916,BMT_2,BMT,train,57,0,0,100.0,6.6
20260916,CTY_S1c,STH,train,14,14,0,0.0,2360.9
20260916,CTY_S1i,STH,train,34,6,0,82.4,99.2
20260916,BMT_1,BMT,train,80,4,0,93.8,61.3
20260917,RTTA_REV,,train,216,13,0,94.0,324.7
20260917,CMB_2c,T5,train,15,0,0,100.0,0.0
20260917,CTY_S1c,STH,train,40,8,0,75.0,111.8
20260917,IWL_2j,T2,train,18,0,0,100.0,12.6
20260918,T3_2a,T3,train,159,1,0,99.4,3.0
20260918,SCO_2b,SCO,train,45,0,0,100.0,8.1
20260919,T6_2a,T6,train,7,1,0,85.7,80.4
20260916,APS_1a,T8,train,183,2,0,98.9,6.6
20260916,NTH_1a,T9,train,136,0,0,100.0,16.4
20260916,SCO_1b,SCO,train,62,13,0,79.0,83.6
20260917,IWL_1c,T2,train,1640,55,0,95.9,34.6
20260917,WST_2c,T1,train,1045,2,0,99.8,17.0
20260917,ESI_2a,T4,train,1391,30,0,97.7,38.1
20260917,CMB_2a,T5,train,428,1,0,99.8,20.5
20260917,CCN_2b,CCN,train,137,3,0,97.8,61.7
20260918,APS_2a,T8,train,340,0,0,98.8,0.8
20260918,WST_1a,T1,train,285,0,0,100.0,12.5
20260918,NTH_2a,T9,train,326,0,0,100.0,11.9
20260918,IWL_2j,T2,train,18,0,0,100.0,12.6
20260918,ESI_1d,T4,train,231,3,0,98.7,22.6
20260918,SHL_2d,SHL,train,9,1,0,88.9,73.6
20260918,CMB_1b,T5,train,41,0,0,100.0,0.0
20260919,WST_2c,T1,train,20,1,0,95.0,20.8
20260919,NTH_1a,T9,train,20,0,0,100.0,1.6
20260916,IWL_1c,T2,train,2,2,0,0.0,699.5
20260916,ESI_1a,T4,train,165,0,0,100.0,2.1
20260917,WST_1a,T1,train,1026,43,0,95.8,54.7
20260917,APS_2f,T8,train,162,1,0,99.4,2.7
20260918,NTH_1a,T9,train,338,0,0,100.0,0.5
20260918,WST_1b,T1,train,147,0,0,100.0,15.9
20260918,SCO_2a,SCO,train,77,1,0,98.7,43.7
20260918,BMT_1,BMT,train,295,12,0,95.6,41.6
20260918,IWL_2d,T2,train,9,0,0,100.0,0.0
20260918,IWL_1e,T2,train,21,1,0,95.2,96.6
20260918,CTY_W2a,WST,train,2,0,0,100.0,0.0
20260919,IWL_2a,T2,train,9,0,0,100.0,0.0
20260919,IWL_1c,T2,train,1,1,0,0.0,499.0
20260916,RTTA_REV,,train,58,1,0,98.3,32.5
20260916,CCN_1c,CCN,train,228,6,0,96.1,30.0
20260916,T3_2a,T3,train,7,0,0,100.0,0.0
20260917,IWL_2f,T2,train,118,13,0,61.9,247.1
20260917,BMT_1,BMT,train,795,62,0,91.4,69.6
20260917,OLY_1a,T7,train,40,0,0,100.0,0.0
20260918,NSN_1a,T1,train,360,46,0,87.2,93.2
20260918,WST_2c,T1,train,251,5,0,98.0,31.8
20260918,APS_1e,T8,train,50,0,0,100.0,10.8
20260918,NSN_2i,T1,train,20,0,0,100.0,1.1
20260918,IWL_1c,T2,train,425,13,0,96.9,24.6
20260918,SCO_1b,SCO,train,120,0,0,100.0,18.7
20260918,SHL_1e,SHL,train,131,0,0,100.0,59.3
20260918,SHL_2e,SHL,train,4,0,0,100.0,16.0
20260918,CTY_S1i,STH,train,17,0,0,100.0,0.1
20260919,ESI_2a,T4,train,8,0,0,100.0,28.0
20260916,OLY_1a,T7,train,4,0,0,100.0,0.0
20260916,CTY_NC1a,NRC,train,53,0,0,94.3,11.8
20260917,APS_2a,T8,train,1697,44,0,96.6,27.4
20260917,NSN_2i,T1,train,81,0,0,100.0,1.6
20260917,WST_1b,T1,train,673,22,0,96.7,51.6
20260917,SCO_1a,SCO,train,663,113,0,81.3,160.0
20260917,ESI_1e,T4,train,42,0,0,95.2,91.5
20260918,IWL_2a,T2,train,234,2,0,97.4,25.4
20260918,CMB_1a,T5,train,65,0,0,100.0,6.2
20260918,CTY_NW2a,NRW,train,4,0,0,100.0,18.0
20260919,ESI_1d,T4,train,3,0,0,100.0,93.0
20260919,T6_1a,T6,train,2,0,0,100.0,43.5
20260919,SCO_2a,SCO,train,1,0,0,100.0,0.0
20260916,IWL_2b,T2,train,4,0,0,100.0,0.0
20260916,OLY_2b,T7,train,4,0,0,100.0,5.0
20260916,CCN_2b,CCN,train,24,0,0,100.0,4.3
20260917,IWL_2a,T2,train,990,98,0,87.5,81.2
20260917,CCN_2a,CCN,train,877,44,0,95.0,37.1
20260918,CCN_1b,CCN,train,83,0,0,100.0,7.2
20260919,RTTA_REV,,train,32,1,0,96.9,40.6
20260918,IWL_1i,T2,train,1,0,0,100.0,267.0
20260918,CTY_S1c,STH,train,18,5,0,72.2,150.0
20260919,SCO_1a,SCO,train,19,0,0,100.0,10.1
20260916,APS_1b,T8,train,33,2,0,93.9,90.7
20260916,APS_1e,T8,train,35,0,0,100.0,12.3
20260916,IWL_2a,T2,train,32,0,0,100.0,0.0
20260916,ESI_1d,T4,train,58,0,0,100.0,37.8
20260916,SCO_2b,SCO,train,25,1,0,96.0,211.0
20260917,IWL_2c,T2,train,1179,61,0,94.8,52.7
20260917,NSN_1a,T1,train,1854,13,0,99.3,25.9
20260917,T6_2a,T6,train,205,13,0,93.7,79.8
20260917,IWL_2b,T2,train,24,0,0,100.0,25.8
20260917,CMB_1b,T5,train,215,51,0,70.2,421.2
20260917,ESI_1d,T4,train,1232,32,0,97.1,46.3
20260917,CTY_NW1d,NRW,train,22,0,0,77.3,8.5
20260917,CTY_NC1a,NRC,train,66,2,0,75.8,35.8
20260918,IWL_2c,T2,train,312,1,0,99.7,9.7
20260918,T6_2a,T6,train,26,5,0,80.8,87.8
20260919,APS_1a,T8,train,96,0,0,100.0,0.0
20260919,NSN_1a,T1,train,6,1,0,83.3,99.7
20260916,CMB_1a,T5,train,51,0,0,100.0,37.5
20260916,SCO_1a,SCO,train,94,6,0,93.6,64.1
20260916,SHL_2e,SHL,train,15,2,0,86.7,96.3
20260916,SHL_1d,SHL,train,11,0,0,100.0,8.2
20260917,ESI_2f,T4,train,19,0,0,100.0,63.9
20260917,OLY_1b,T7,train,65,0,0,100.0,9.1
20260917,CTY_NW2a,NRW,train,5,5,0,0.0,1407.8
20260917,SHL_2e,SHL,train,23,0,0,100.0,29.1
20260917,SHL_2d,SHL,train,5,1,0,80.0,373.0
20260917,CTY_W2a,WST,train,17,0,0,100.0,27.6
20260917,APS_2d,T8,train,13,0,0,100.0,10.5
20260917,APS_1a,T8,train,2572,292,0,88.5,108.0
20260917,NTH_1b,T9,train,263,0,0,100.0,20.3
20260917,WST_2d,T1,train,665,19,0,97.1,25.1
20260917,SHL_1e,SHL,train,325,33,0,89.8,101.8
20260917,CTY_S2c,STH,train,2,0,0,100.0,172.0
20260918,IWL_1a,T2,train,379,0,0,100.0,3.0
20260918,APS_1c,T8,train,21,0,0,100.0,0.0
20260916,IWL_2i,T2,train,15,0,0,100.0,0.0
20260916,ESI_2a,T4,train,87,0,0,98.9,3.4
20260916,IWL_1i,T2,train,38,0,0,100.0,4.4
20260916,APS_1c,T8,train,21,0,0,100.0,0.0
20260917,T3_2a,T3,train,561,22,0,96.1,31.3
20260917,APS_1c,T8,train,167,42,0,74.9,167.9
20260917,SCO_2b,SCO,train,329,35,0,89.4,76.8
20260917,CCN_1c,CCN,train,1173,55,0,94.9,65.4
20260917,CTY_NC2,NRC,train,8,5,0,37.5,3339.6
20260917,NSN_2a,T1,train,11,0,0,100.0,33.6
20260918,NSN_2k,T1,train,412,0,0,100.0,4.9
20260918,ESI_2d,T4,train,233,1,0,99.6,11.0
20260918,CTY_NC2,NRC,train,2,0,0,100.0,39.0
20260918,CTY_W1a,WST,train,11,0,0,100.0,2.0
20260919,ESI_1a,T4,train,2,0,0,100.0,0.0
20260919,NSN_2a,T1,train,7,1,0,85.7,122.9
20260919,APS_2f,T8,train,2,0,0,100.0,120.0
20260916,T3_1a,T3,train,1,0,0,100.0,0.0
20260916,APS_2f,T8,train,5,0,0,100.0,0.0
20260916,SCO_2a,SCO,train,31,1,0,96.8,55.8
20260917,SCO_2a,SCO,train,431,58,0,86.5,121.0
20260917,CMB_2b,T5,train,271,31,0,88.6,235.3
20260917,ESI_1a,T4,train,1249,39,0,96.9,40.9
20260917,ESI_2d,T4,train,1349,42,0,95.3,37.7
20260917,ESI_1c,T4,train,16,10,0,31.3,316.0
20260917,OLY_2b,T7,train,64,0,0,100.0,10.4
20260917,SHL_1d,SHL,train,15,0,0,86.7,52.0
20260917,T3_1d,T3,train,2,0,0,100.0,0.0
20260917,CTY_W1a,WST,train,14,0,0,78.6,2.0
20260918,RTTA_REV,,train,100,2,0,97.0,17.7
20260918,NTH_1b,T9,train,53,0,0,100.0,4.2
20260918,OLY_2b,T7,train,6,0,0,100.0,19.8
20260918,CCN_2b,CCN,train,46,1,0,97.8,132.1
20260919,BMT_1,BMT,train,2,0,0,100.0,0.0
20260919,CMB_2c,T5,train,10,0,0,100.0,0.0
20260916,NSN_1a,T1,train,142,0,0,100.0,3.7
20260916,NSN_2k,T1,train,110,0,0,100.0,0.3
20260916,SHL_1e,SHL,train,156,30,0,80.8,135.1
20260917,NTH_2a,T9,train,1759,0,0,100.0,16.0
20260917,SCO_1b,SCO,train,363,37,0,89.8,90.1
20260917,IWL_1b,T2,train,21,1,0,95.2,27.1
20260917,IWL_1i,T2,train,94,4,0,95.7,33.8
20260917,CCN_1a,CCN,train,2,0,0,100.0,0.0
20260918,APS_1a,T8,train,706,1,0,99.7,2.0
20260918,APS_2f,T8,train,39,0,0,100.0,0.5
20260918,CCN_1c,CCN,train,523,16,0,96.4,39.2
20260918,CTY_NC1a,NRC,train,54,1,0,87.0,18.4
20260919,BMT_2,BMT,train,2,0,0,100.0,0.0
20260919,WST_1a,T1,train,42,0,0,100.0,5.7
20260919,NTH_2a,T9,train,13,2,0,84.6,89.2
20260916,NTH_2a,T9,train,72,0,0,100.0,0.9
20260916,CCN_1b,CCN,train,40,0,0,100.0,99.5
20260916,CTY_NW1d,NRW,train,11,0,0,90.9,0.0
20260917,NSN_2k,T1,train,1918,0,0,100.0,9.1
20260917,T3_1a,T3,train,630,101,0,84.0,124.5
20260917,IWL_1e,T2,train,88,12,0,59.1,231.3
20260917,T6_1a,T6,train,206,21,0,89.8,84.9
20260917,T6_2b,T6,train,16,11,0,25.0,1259.5
20260917,OLY_2a,T7,train,2,0,0,100.0,0.0
20260918,WST_2d,T1,train,183,16,0,91.3,45.0
20260918,T3_1a,T3,train,65,1,0,98.5,27.0
20260918,SCO_1a,SCO,train,258,2,0,95.7,18.8
20260918,T6_1a,T6,train,24,1,0,95.8,46.1
20260918,CMB_2a,T5,train,125,0,0,100.0,5.3
20260917,ESI_2c,T4,train,11,0,0,100.0,0.0
20260917,IWL_2g,T2,train,3,0,0,100.0,0.0
20260917,CTY_S1i,STH,train,37,5,0,81.1,71.4
20260917,CTY_S2i,STH,train,2,2,0,0.0,6954.5
20260918,OLY_2a,T7,train,2,0,0,100.0,0.0
20260918,CCN_2a,CCN,train,366,19,0,94.8,31.3
20260918,IWL_1b,T2,train,3,0,0,100.0,0.0
20260919,ESI_2d,T4,train,5,0,0,100.0,4.0
20260918,NSN_2a,T1,train,4,0,0,100.0,0.0
20260918,SHL_1d,SHL,train,15,0,0,86.7,0.0
20260919,SHL_1e,SHL,train,11,0,0,100.0,52.0
20260919,APS_2a,T8,train,1,0,0,100.0,0.0
20260916,APS_2a,T8,train,95,6,0,93.7,108.3
20260916,ESI_2d,T4,train,82,0,0,98.8,16.5
20260917,IWL_1a,T2,train,1649,60,0,96.4,29.1
20260917,APS_1e,T8,train,354,29,0,91.8,66.6
20260917,IWL_2i,T2,train,30,0,0,100.0,20.4
20260917,APS_2c,T8,train,62,17,0,72.6,182.8
20260918,CMB_2c,T5,train,10,0,0,100.0,0.0
20260918,CMB_2b,T5,train,52,0,0,100.0,8.6
20260918,ESI_2a,T4,train,185,1,0,99.5,2.9
20260919,OLY_2a,T7,train,2,0,0,100.0,0.0
